Hasiru,Hasiru Chamika,Hasiru2004@nexora.edu
Sunil,Sunil Fernando,Sunil1988@nexora.edu
Kamal,Kamal Silva,Kamal2000@nexora.edu
Ravi,Ravi Wijesinghe,Ravi1990@nexora.edu
Nalaka,Nalaka Nilantha,nalaka2004@gmail.com
Sadaru,Sandaru Wijesingha,sandaru2004@gmail.com
Nihal,Nihal Nandana,nihal2020@gmail.com
